cloneId	cloneCount	cloneFraction	targetSequences	targetQualities	allVHitsWithScore	allDHitsWithScore	allJHitsWithScore	allCHitsWithScore	allVAlignments	allDAlignments	allJAlignments	allCAlignments	nSeqFR1	minQualFR1	nSeqCDR1	minQualCDR1	nSeqFR2	minQualFR2	nSeqCDR2	minQualCDR2	nSeqFR3	minQualFR3	nSeqCDR3	minQualCDR3	nSeqFR4	minQualFR4	aaSeqFR1	aaSeqCDR1	aaSeqFR2	aaSeqCDR2	aaSeqFR3	aaSeqCDR3	aaSeqFR4	refPoints
0	2.0	0.09523809523809523	AGCAGTGACGTTGATACTTATAACTATGTCTCCTGGTCTGGCAACACGGCCTCCCTGACCATCTCTGGGCTCCAGGCTGAGGACGAGGCTCATTATTACTGCTGCTCACATTCGACCGGCAGCACTCGTTATGTCTTCGGAACT	IIIIIIIIGIGGIGGIGGIGGIIGIIIIIIIIIIIIGIIIIIIIIIIIIIIIIIIIIIIAGIGGGGGGGIGIIIIIIIIIIIIIIIIIIIIIIIIIIIIIIIIIIIIIIIIIIIIIIIIIIIIIIIIIIIIIIIIIGGGIIIAG	IGLV2-14*00(569)		IGLJ1*00(257.5)		75|112|317|0|37|SG88ASG90ASG91C|283.0		20|36|58|128|144||160.0				AGCAGTGACGTTGATACTTATAACTAT	38												SSDVDTYNY						:::::0:27::::::::::128:0:138:::
1	2.0	0.09523809523809523	AGCAATGACGTTGGGGTTTCTCTTCGCTTCTCTGGCTCCAAGTCTGGCAACACGGCCTCCCTGACCATCTCTGGGCTCCAGGCTGAGGACGAGGCTGATTATTACTGCAACTCATATACACTCGGCAGCACCCCGGTTTGTGTCTTCGGAACT	IIIIIIIIGGIIGIIIIIIIIIIIIIIIIIIIIIGIIIIIIGIIIIIIGIIIIIIIIIIGIGGGIIIIIIIIGGGIGIIIIIGIIIIIIIIIIIIIIIIIIIIIIIIGIIIIIIIIIGGIIIIIIIIIGIIIIIIIGIIGIIIIIIIIIIIAA	IGLV2-14*00(737.5)		IGLJ1*00(206)		75|89|317|0|14|SG79A|111.0		20|36|58|137|153|SA22G|131.0																							:::::0:::::::::::137:0:147:::
2	1.0	0.047619047619047616	GGTGGCTCCATCAGTAGTTACTACTGGAGCTGGATCCGGCAGCCCCCAGGGAAGGGACTGGAGTGGATTGGGTATATCTATTACAGTGGGAGCACCAACTACAACCCCTCCCTCAAGAGTCGAGTCACCATATCAGTAGACACGTCCAAGAACCAGTTCTCCCTGAAGCTGAGCTCTGTGACCGCTGCGGACACGGCCGTGTATTACTGTGCGAGAGGAGTAATACCGCACCCGCTCGACTACTGGGGCCAGGGA	IIIIIIIIIIIGIIIIIGIIIIIGIGGIIIIGIGIIIIGIIEIGIIIGEGGGGIIGIGIGGG<GGGGGG<GIGIIIIGIAGGGIIIIGGGGGGGGGIGGGGGGGGIGIGGGG<GGGIGGIIGGIGIGGGAGGGGGGGGGGGGGGIGIIGIGGGGAAGAAAGGIIIIGIGGIGIGGGGGGGGAGAGIIIGGGGGGGIGIIIIIIIIIGIIGIIIIIGGIIIIIIGGIIIGGGGGGGGIGGGGGGIIGGIGIIIIII	IGHV4-59*00(2230)	IGHD3-10*00(40),IGHD3-22*00(40),IGHD1-7*00(36)	IGHJ4*00(210)		75|292|313|0|217||2170.0	23|31|93|218|226||40.0;23|31|93|218|226||40.0;8|18|51|218|228|ST11A|36.0	28|46|68|237|255||180.0				GGTGGCTCCATCAGTAGTTACTAC	38	TGGAGCTGGATCCGGCAGCCCCCAGGGAAGGGACTGGAGTGGATTGGGTAT	27	ATCTATTACAGTGGGAGCACC	32	AACTACAACCCCTCCCTCAAGAGTCGAGTCACCATATCAGTAGACACGTCCAAGAACCAGTTCTCCCTGAAGCTGAGCTCTGTGACCGCTGCGGACACGGCCGTGTATTAC	27	TGTGCGAGAGGAGTAATACCGCACCCGCTCGACTACTGG	38				GGSISSYY	WSWIRQPPGKGLEWIGY	IYYSGST	NYNPSLKSRVTISVDTSKNQFSLKLSSVTAADTAVYY	CARGVIPHPLDYW		:::::0:24:75:96:207:-1:217:218:8:-31:226:237:-8:246:::
3	1.0	0.047619047619047616	GGTGGCTCCATCAGCAGTGGTGGTTACTACTGGAGCTGGATCCGCCAGCACCCAGGGAAGGGCCTGGAGTGGATTGGGTACATCTATTACAGTGGGAGCACCTACTACAACCCGTCCCTCAAGAGTCGAGTTACCATATCAGTAGACACGTCTAAGAACCAGTTCTCCCTGAAGCTGAGCTCTGTGACTGCCGCGGACACGGCCGTGTATTACTGTGCGAGAGACACCCGTATTACGATTTTTGGAGTGGACTCCAACGGTATGGACGTCTGGGGCCAAGGG	GGGGGGGIGGIIIGIIAGGIIIIGGIIGIIIIGIIIIIIIIIIIIIIGGIIIIIIIIIIGAGGEIIIGGGEIIIIGIIIIIIIIGGIIGIIIGGGIIGIIIIGGGIGIIIGGG:GGIIGGGIGIIIGGGIIGIGGGGGGGIIIIIII<GAGGIIIGGIIGGGGGGGGIGIIGIGGIGGGGGGGGIGGIGIGGGGGGGGIIGGAGGIAAAG<<<<<<GGAAAGGAGGIGIIGGGGIIGIIGGGIIGGIIIGIIGIIIGIGGGGIGGGAGGGGGIGGGGIIIGI	IGHV4-31*00(2300)	IGHD3-3*00(110)	IGHJ6*00(312)		75|299|319|0|224||2240.0	30|52|93|228|250||110.0	29|61|83|250|282|SA32CST34A|262.0				GGTGGCTCCATCAGCAGTGGTGGTTACTAC	32	TGGAGCTGGATCCGCCAGCACCCAGGGAAGGGCCTGGAGTGGATTGGGTAC	32	ATCTATTACAGTGGGAGCACC	38	TACTACAACCCGTCCCTCAAGAGTCGAGTTACCATATCAGTAGACACGTCTAAGAACCAGTTCTCCCTGAAGCTGAGCTCTGTGACTGCCGCGGACACGGCCGTGTATTAC	25	TGTGCGAGAGACACCCGTATTACGATTTTTGGAGTGGACTCCAACGGTATGGACGTCTGG	27				GGSISSGGYY	WSWIRQHPGKGLEWIGY	IYYSGST	YYNPSLKSRVTISVDTSKNQFSLKLSSVTAADTAVYY	CARDTRITIFGVDSNGMDVW		:::::0:30:81:102:213:0:224:228:1:-10:250:250:-9:273:::
4	1.0	0.047619047619047616	GGTGGCTCCATCAGCAGTAGTAACTGGTGGAGTTGGGTCCGCCAGCCCCCAGGGAAGGGGCTGGAGTGGATTGGGGAAATCTATCATAGTGGGAGCACCAACTACAACCCGTCCCTCAAGAGTCGAGTCACCATATCAGTAGACAAGTCCAAGAACCAGTTCTCCCTGAAGCTGAGCTCTGTGACCGCCGCGGACACGGCCGTGTATTACTGTGCGAGAGTTAGTGGGAGCTACTACTACGGTATGGACGTCTGGGGCCAAGGG	IIIIIIIIIIIIIIIGIIIIIIIIIIGGIIIIIIIIIIIIIIIIIIIIIIIIIIIIIGEGAAGA<<<<:<<GGIIGIGGGGIGIGIIG<<<GEGGGIIIIIGGGGGGGIIGGGGGGIIIGGGGGIGA<GGGIIIIGGGGIIIIIIIIGGIGGAGGGGGGIIIGIIGGGGGGGIIIIGGGIIGGGGGGGGAAAGG<AGA<<<<<<G<GGIIIIIIIIIIIIIIIIIIIIIIGIIIIIIIIIIIIIIIIIIIIGIIIGGGGGIIII	IGHV4-4*00(2260)	IGHD1-26*00(45)	IGHJ6*00(351)		75|295|316|0|220||2200.0	24|33|60|221|230||45.0	27|61|83|230|264||340.0				GGTGGCTCCATCAGCAGTAGTAACTGG	38	TGGAGTTGGGTCCGCCAGCCCCCAGGGAAGGGGCTGGAGTGGATTGGGGAA	25	ATCTATCATAGTGGGAGCACC	27	AACTACAACCCGTCCCTCAAGAGTCGAGTCACCATATCAGTAGACAAGTCCAAGAACCAGTTCTCCCTGAAGCTGAGCTCTGTGACCGCCGCGGACACGGCCGTGTATTAC	27	TGTGCGAGAGTTAGTGGGAGCTACTACTACGGTATGGACGTCTGG	38				GGSISSSNW	WSWVRQPPGKGLEWIGE	IYHSGST	NYNPSLKSRVTISVDKSKNQFSLKLSSVTAADTAVYY	CARVSGSYYYGMDVW		:::::0:27:78:99:210:-1:220:221:-4:-7:230:230:-7:255:::
5	1.0	0.047619047619047616	GGTGGGTCCTTCAGTGGTTACTACTGGAGCTGGATCCGCCAGCCCCCAGGGAAGGGGCTGGAGTGGATTGGGGAAATCAATCATAGTGGAAGCACCAACTACAACCCGTCCCTCAAGAGTCGAGTCACCATATCAGTAGACACGTCCAAGAACCAGTTCTCCCTGAAGCTGAGCTCTGTGACCGCCGCGGACACGGCTGTGTATTACTGTGCGAGAGGCCCCTATTACGATTTTTGGAGTGGTTATCGAAACCTCTACTACTACTACGGTATGGACGTCTGGGGCCAAGGG	GGIGIIIGGGGGGGGGIIIGIIIIIIIIIIIIIIIIIIIIIGIIIIIIGIIIIIIIIIGGI<<GGGGIIIIIIIGGIIIIIIIIIGGGGGGIIGGGGGGIIIGGGIGIIIIIGGGIGGGGGIGGGGIGGGIGIIIIIIGGIIIIIGIIGGIIIGG:GIIIIGIGIAAAAGGIGIGGGIGGGGGIIIIIGGIIGIGGGIIIIIIIIIIIIIIIIIIIGG<<<<<GGGG<<<GGGGIIIIIIIIIIIIIIIIIGIIIIIIIIGGGGGGIGIIIIIIIIGGGIGIIGGGGIIGI	IGHV4-34*00(2261)	IGHD3-3*00(115)	IGHJ6*00(410)		75|298|313|0|223|ST295C|2201.0	33|56|93|223|246||115.0	24|61|83|254|291||370.0				GGTGGGTCCTTCAGTGGTTACTAC	38	TGGAGCTGGATCCGCCAGCCCCCAGGGAAGGGGCTGGAGTGGATTGGGGAA	27	ATCAATCATAGTGGAAGCACC	38	AACTACAACCCGTCCCTCAAGAGTCGAGTCACCATATCAGTAGACACGTCCAAGAACCAGTTCTCCCTGAAGCTGAGCTCTGTGACCGCCGCGGACACGGCTGTGTATTAC	25	TGTGCGAGAGGCCCCTATTACGATTTTTGGAGTGGTTATCGAAACCTCTACTACTACTACGGTATGGACGTCTGG	27				GGSFSGYY	WSWIRQPPGKGLEWIGE	INHSGST	NYNPSLKSRVTISVDTSKNQFSLKLSSVTAADTAVYY	CARGPYYDFWSGYRNLYYYYGMDVW		:::::0:24:75:96:207:5:223:223:-2:-6:246:254:-4:282:::
6	1.0	0.047619047619047616	GGTGGGTCCTTCAGTGGTTACATCTGGACCTGGATCCGCCAGACCCCAGGAAAGGGGCTGCAGTAGATTGGACAAATCAATCATAGTGGAAGCGCCAACTACAACCCGTCCCTCAAGAGTCGAGTCACCATATCAGTACACACGTCCAATAGTCAGTTCTCCCTGGAGCTGAGCTCTGTGACCGCCGCGGACACGGCTGTGTATTACTGTGCGAGTCCCAAGATAGCATTCTACAACTGGTTCGACCCCTGGGGCCAGGGA	GIIIIIIIIIIIIIIIIIIIIIIIIIIGIIIIIIIIIIIIGGEIIIIIIIIIIGIIIIIIIGGGG<GGGGIGGIIIIGGIIIIIIIIIIIIGAGIIIIIGGGIIIGIIIIIIGIGIGIGGGGIGGGGGGGGGGGIGIIIIIGG:GGIIIIGGIIIGIGIIIIIIGGGIIIIIIIIIIIGGGGIIIIIIIIIG<GGGG<<GAG<GAIIIIGIIGIIIIIIIIIIIIIIIIIGGGIGGIIIIIGGGGGGGIGIIIIGGIIIGI	IGHV4-34*00(1775)	IGHD7-27*00(32),IGHD6-13*00(30),IGHD6-25*00(30)	IGHJ5*00(351)		75|290|313|0|215|ST96ASA97TSG103CSC117ASG125ASG135CSG139ASG146ASG147CSA168GSG213CSG224TSA226GSC227TSA240G|1715.0	0|12|33|215|227|SC4AST7A|32.0;25|31|63|222|228||30.0;22|28|54|222|228||30.0	16|49|71|228|261|SG18C|301.0				GGTGGGTCCTTCAGTGGTTACATC	38	TGGACCTGGATCCGCCAGACCCCAGGAAAGGGGCTGCAGTAGATTGGACAA	27	ATCAATCATAGTGGAAGCGCC	32	AACTACAACCCGTCCCTCAAGAGTCGAGTCACCATATCAGTACACACGTCCAATAGTCAGTTCTCCCTGGAGCTGAGCTCTGTGACCGCCGCGGACACGGCTGTGTATTAC	25	TGTGCGAGTCCCAAGATAGCATTCTACAACTGGTTCGACCCCTGG	38				GGSFSGYI	WTWIRQTPGKGLQ*IGQ	INHSGSA	NYNPSLKSRVTISVHTSNSQFSLELSSVTAADTAVYY	CASPKIAFYNWFDPW		:::::0:24:75:96:207:-3:215:215:11:-10:227:228:4:252:::
7	1.0	0.047619047619047616	GGTGACTTCCTCGACGATAGTAGGTGGTGGAGTTGGGTCCGCCAGCCCCCAGGGAAGGGGCTGGAGTGGATTGGAGAGATCCATCATACGGGGATCACCAACTACATCCCGTCCCTCAAGAGTCGGGTCACCATGTCAGTGGACAAGAACAAGAACCAGGTCTCCCTAGAGGTGTATTCTGTGACCGCCGCGGACACGGCCGTGTATTACTGTGCGAGTGGGGCCCACTATATTTGGAATGGGTGGGGCCAGGGA	GGIIIIIIIGIIGIIGGIGGIGGGIIIIIIIIIIIGIGIIIIIIIIIIIIIIIIIIIIIGIIIIGGGGI<<<IIGIIIIIIIIIIIIIGIIIIIIIIIIIIIIIIIIIIIIIGAGGGGIGIIGGGIGGIGIIIIIGGGIGIIGGIIGGIIIIIGGIIGGGGGIIIIIIIIGGIIIIIGIIIIIIGGIIGIIIIGIGIGGGIIGIIGGGGGGIIIIIGGIGIIIIIIIIIIIIIGIIIGIIIIIIIIIIGGIIIGG	IGHV4-4*00(1399)	IGHD5-18*00(50),IGHD1-26*00(45),IGHD5-12*00(45)	IGHJ4*00(170),IGHJ5*00(170)		75|293|316|0|218|SG79ASC82TSA84CSA87GSG88ASA90GSG91ASA97GSC98GSG149ASA152GST156CSG163CST164GSG169TSA181TSA200GSA209GSA215GST222ASC223AST234GSG242ASA243GSC246GSA249TSG250ASC251T|1368.0	10|20|69|224|234||50.0;9|18|60|223|232||45.0;10|19|69|224|233||45.0	34|46|68|243|255||120.0;37|49|71|243|255||120.0				GGTGACTTCCTCGACGATAGTAGGTGG	38	TGGAGTTGGGTCCGCCAGCCCCCAGGGAAGGGGCTGGAGTGGATTGGAGAG	27	ATCCATCATACGGGGATCACC	38	AACTACATCCCGTCCCTCAAGAGTCGGGTCACCATGTCAGTGGACAAGAACAAGAACCAGGTCTCCCTAGAGGTGTATTCTGTGACCGCCGCGGACACGGCCGTGTATTAC	32	TGTGCGAGTGGGGCCCACTATATTTGGAATGGGTGG	38				GDFLDDSRW	WSWVRQPPGKGLEWIGE	IHHTGIT	NYIPSLKSRVTMSVDKNKNQVSLEVYSVTAADTAVYY	CASGAHYIWNGW		:::::0:27:78:99:210:-3:218:224:13:-26:234:243:-14:246:::
8	1.0	0.047619047619047616	GGATTCACCTTCAGTAGCTACTGGATGCACTGGGTCCGCCAAGCTCCAGGGAAGGGGCTGGTGTGGGTCTCACGTATTAATAGTGATGGGAGTATCACAAGCTACGCGGACTCCGTGAAGGGCCGATTCACCATCTCCAGAGACAACGCCAAGAGCACGCTGTATCTGCAAATGAACAGTCTGAGAGCCGAGGACACGGCTGTGTATTACTGTGCCCCATACGGTAGTAACCACATTTTCGACTACTGGGGCCAGGGA	IIGIIIIIIIIIGIIIIIIIIIIIIIGIIIIIIIIIIIIIGIIIIIIIIIGIIIIII<:GIGGGGIGIIIIIIIIIIGGIIIIGGIIIIIIGGGGGGGIIGGIGGGIGIIIGGGGGGGGGIIIIIIIIIGIIIIGIIIIIIGIIIIGIIIGIIIGGGIGIGGGGGGIGGIGGGIIIIIGGGGIIGIGIIGGGGGGGGGAGGIIIIIIIIIIIIIGIIIGGIIIIIGIIIIIIIGGGIGIGGIIGIGIIIIGGAIIIII	IGHV3-74*00(2152)	IGHD4-23*00(46),IGHD1-14*00(41),IGHD3-22*00(41)	IGHJ4*00(221)		75|290|316|0|215|SG169TSA229G|2092.0	23|35|57|219|231|SG29A|46.0;12|26|51|218|232|DC15I21G|41.0;3|14|93|223|234|SA6G|41.0	25|46|68|237|258|ST27C|181.0				GGATTCACCTTCAGTAGCTACTGG	38	ATGCACTGGGTCCGCCAAGCTCCAGGGAAGGGGCTGGTGTGGGTCTCACGT	25	ATTAATAGTGATGGGAGTATCACA	38	AGCTACGCGGACTCCGTGAAGGGCCGATTCACCATCTCCAGAGACAACGCCAAGAGCACGCTGTATCTGCAAATGAACAGTCTGAGAGCCGAGGACACGGCTGTGTATTAC	32	TGTGCCCCATACGGTAGTAACCACATTTTCGACTACTGG	38				GFTFSSYW	MHWVRQAPGKGLVWVSR	INSDGSIT	SYADSVKGRFTISRDNAKSTLYLQMNSLRAEDTAVYY	CAPYGSNHIFDYW		:::::0:24:75:99:210:-6:215:219:-4:-3:231:237:-5:249:::
9	1.0	0.047619047619047616	AGTTCCAACATCGGAAGCAATACTGTAAACTGGTCTGGCACCTCAGCCTCCCTGGCCATCAGTGGTCTCCAGTCTGAGGATGAAGCTGATTATTACTGTGCAGTCTGGGATGACAAGCTGCGTGGTCGGATAATCGGCGGA	IIIIIIGIGG<GAG<G<<G<GGGIIGIIIIIIIIIIIGGGIIIIGGGIGIIIGIIIIIGG<<<<<GGIIIGGGGGGGGIIIIIIIIIIGIGIIIIIIIIIIIIGIIIIIGGIGGIGGGGGIIIIIIIIIIIGIIIGIIGGG	IGLV1-44*00(627)		IGLJ2*00(223),IGLJ3*00(222)		75|109|316|0|34|SC77TST92C|282.0		25|36|58|130|141|ST27A|81.0;28|36|58|133|141||80.0				AGTTCCAACATCGGAAGCAATACT	27												SSNIGSNT						:::::0:24::::::::::130:-5:135:::
10	1.0	0.047619047619047616	AGCAGTGATATTGGGGGTTATAACCATGTCTCCTGGTACCAACAACACCCAGGCAAAGCCCCCAAACTCATCATTTATGAGCACCCGTTATGTCGTCGGAACA	GIIIIGGIG<<GAGGGIIIGGIIGGGGGIIIIIIIIIIGIIIIIIGIIIIIIIIIIIIGGIIIIIIGIIIGIIGIIIIIGGGGGGGGGGGIGIIIIIIIIIGG	IGLV2-23*00(1357),IGLV2-14*00(1318)		IGLJ1*00(264)		75|156|317|0|81|SG84ASA90GST100ASG119ASG146C|665.0;75|155|317|0|80|SC83TSG84AST89GST99CSG119ASG146C|626.0		20|36|58|87|103|ST27GST35A|102.0				AGCAGTGATATTGGGGGTTATAACCAT	27	GTCTCCTGGTACCAACAACACCCAGGCAAAGCCCCCAAACTCATCATTTAT	38										SSDIGGYNH	VSWYQQHPGKAPKLIIY					:::::0:27:78:::::::::87:0:97:::
11	1.0	0.047619047619047616	AGCAGTGATATTGGGAGGTCTGGCAACACGTCCTCCCTGACAATGTTTGGGCTCCAGGGTGAGGACGAGGCTGATAATTACTGCTACTCATATGCGTTTAATTGGACGTCTTCTAAACT	IGGIIIGGIGIGIGGGIGIIGIIIIIGIIIIIIIIGGIGGGGGIIIIIIIIIIGIIIIIGGIGIIIIIIIIIIIGGGGIIIIIIGIIIIIIGIIGIIIIIIIIIIIIII7AAGGAG<<7	IGLV2-23*00(167)		IGLJ1*00(224)		75|92|317|0|17|SG84A|141.0		24|36|58|107|119|SG30TSG31A|62.0																							:::::0:::::::::::107:-4:113:::
12	1.0	0.047619047619047616	AGCAGTGACGTTGGTGGTTATAACTATGTCTCCTGGTCTGGCAACACGGCCTCCCTGACCATCTCTGGGCTCCAGGCTGAGGACGAGGCTGATTATTACTGCACCTCATATACAAGCAGTGCGAATTATGTCTTCGGAACT	GIIIIIIGGGGGIIIIIGIGIGIIIIIIIIIIIIIIIIIGIIIIIIIIIIIIIIIIIIIG<<GGGIIIIIGIIIGIIIIIIIIIIIIIIIIIIIIIIIIIIIIIIIIIIIIIGGGGGIIIIIIIIIIIIIIGIIIIIGIAG	IGLV2-14*00(808)		IGLJ1*00(370)		75|112|317|0|37||370.0		18|36|58|123|141||180.0				AGCAGTGACGTTGGTGGTTATAACTAT	38												SSDVGGYNY						:::::0:27::::::::::123:2:135:::
13	1.0	0.047619047619047616	AGCAGTGACGTTGGTGGTTATAACTATGTCTCCTGGTACCAACAGCACCCAGGCAAAGCCCCCAAACTCATGATTTATGATGTCAGTAATCGGCCCTCAGGGGTTTCTAATCGCTTCTCTGGCTCCAAGTCTGGCAACACGGCCTCCCTGACCATCTCTGGGCTCCAGGCTGAGGACGAGGCTGATTATTACTGCAGCTCATATACAAGCAGCAGCACTCTCTATGTCTTCGGAACT	<<G<<<GGGAGGGGIGIIAGAGIEIIIIIIIIIIGGIIGGIIIIIIIGGIGGIIIGIGIGGGGGGGAAGGGGGIIGIGGGGGAAG:GIIGGIIIGIIIGIIGGGGGGGIIIIGGGIGIIGGGGGIIIIIGGGIIGGIIIIIIIIIIIIIIIIIIIIIIIIIIIGGGG<<<<GIIGIIIIGIIIGIIIIIIIIIGIIIGIIIIIIIIIIGIIIIIIIGGIGIIIIIIIIIIIIIIIIG	IGLV2-14*00(2850)		IGLJ1*00(190)		75|297|317|0|222||2220.0		21|36|58|222|237||150.0				AGCAGTGACGTTGGTGGTTATAACTAT	27	GTCTCCTGGTACCAACAGCACCCAGGCAAAGCCCCCAAACTCATGATTTAT	32	GATGTCAGT	25	AATCGGCCCTCAGGGGTTTCTAATCGCTTCTCTGGCTCCAAGTCTGGCAACACGGCCTCCCTGACCATCTCTGGGCTCCAGGCTGAGGACGAGGCTGATTATTAC	27	TGCAGCTCATATACAAGCAGCAGCACTCTCTATGTCTTC	38				SSDVGGYNY	VSWYQQHPGKAPKLMIY	DVS	NRPSGVSNRFSGSKSGNTASLTISGLQAEDEADYY	CSSYTSSSTLYVF		:::::0:27:78:87:192:0:222:::::222:-1:231:::
14	1.0	0.047619047619047616	AGCAGTGACGTTGGGGTTTCTAATCGCTTCTCTGGCTCCAAGTCTGGCGACACGGCCTCCCTGACCATCTCTGGGCTCCAGGCTGAGGACGAGGCTGATTATTACTGCAACTCATATACAAGCAGCAGCACTTATGTCTTCGGAACT	GGIIIIIIIIGGGGGIIGIIIIIIIIIIIIIIIIIIIIIGGGGGIIIIIIIIGG:IIIIIGGIGGGGGGGGIGGGGAIGGGGGIIIIIIIIIIIIIIIIIIIIIIIIIIIIIIIIIIIIIIIIIIIIGGIIGGGGGIGIIIIIIGAA	IGLV2-14*00(845)		IGLJ1*00(281)		75|294|317|0|132|DT89DG90DG91DT92DT93DA94DT95DA96DA97DC98DT99DA100DT101DG102DT103DC104DT105DC106DC107DT108DG109DG110DT111DA112DC113DC114DA115DA116DC117DA118DG119DC120DA121DC122DC123DC124DA125DG126DG127DC128DA129DA130DA131DG132DC133DC134DC135DC136DC137DA138DA139DA140DC141DT142DC143DA144DT145DG146DA147DT148DT149DT150DA151DT152DG153DA154DT155DG156DT157DC158DA159DG160DT161DA162DA163DT164DC165DG166DG167DC168DC169DC170DT171DC172DA173DG174DG175SA210GSG271A|254.0		20|36|58|131|147||160.0				AGCAGTGACGTTGG	38		0		0	GGTTTCTAATCGCTTCTCTGGCTCCAAGTCTGGCGACACGGCCTCCCTGACCATCTCTGGGCTCCAGGCTGAGGACGAGGCTGATTATTAC	25	TGCAACTCATATACAAGCAGCAGCACTTATGTCTTC	38				SS_RW			GF*SLLWLQVWRHGL_LTISGLQAEDEADYY	CNSYTSSSTYVF		:::::0:14:14:14:105:-3:132:::::131:0:141:::
15	1.0	0.047619047619047616	AGCAGTGACGTTGGGATCTCGGATCGCTTCTCTGGTTCCAAGTCTGGCAACACGGCCTCCCTGACCATCTCTGGGCTCCAGGCTGAGGACGAGGCTGATTATTACTGCAGCTCGTTTACAACCAGCGACACTTATGTCTTCGGAAGT	IGIIGGGIGIGIGGGGIGGGIIIIIIGGIIIIIIIIGGGGIGGGIIIIIIIIIIIIIIIIG<GGGGGGIIGGGGGIGIIGIIGGGIIGIIIGIIIIIGIGIIIIIIIIIIIIIIIGIIGIIIIIIIIIGIGIIIGG:IIIIIIIGIG	IGLV2-14*00(721)		IGLJ1*00(271)		75|89|317|0|14||140.0		20|36|58|131|147|SC34G|131.0																							:::::0:::::::::::131:0:141:::
16	1.0	0.047619047619047616	AGCAGTGACATTGGTCTGGCAACACGGCCTCCCTGACCATCTCTGGACTCCAGGCTGAGGACGAGGCTGATTATTACTGCAGCTCATATACAAGCAGCAGCACTGATGTCTTCGGAACT	IIIIIIIIGGGGGGGGIIIIGIIIIIIIIIIIIIIGIIIIIIIGGGIIIIGGGGIIIIIIIIIIIIIIIIIIIIIIIIIIIIIIIIIIIIIIIIIIIIIIIIIIIIGGIIIIIIIGG<G	IGLV2-14*00(416)		IGLJ1*00(302)		75|90|317|0|15|SG84A|121.0		22|36|58|105|119||140.0																							:::::0:::::::::::105:-2:113:::
17	1.0	0.047619047619047616	AGCAGTGACATTGGGGTTTCTAATCGCTTCTCTGGCTCCAAGTCTGGCAACACGGCCTCCCTGACCATCTCTGGGCTCCAGGCTGAGGACGAGGCTGATTATTACTGCACCTCATGGACAACCAGCACCACTATGATATTCGGCGGA	II<IIGIIGG<<<GGGGIIIIIIIGIIIIIIIIIIIIIIIIIIIIIIIIIIIIIIIGIIIGIGGGGGIGIGIGGGGGIIIIIIGIIIIIIIIIIIIIIIIIIIIGIIIIIIIIIIIIIGGGGIIGIIIIIIIIIIGGGG<IIGGGIA	IGLV2-14*00(859)		IGLJ2*00(164)		75|294|317|0|132|SG84ADT89DG90DG91DT92DT93DA94DT95DA96DA97DC98DT99DA100DT101DG102DT103DC104DT105DC106DC107DT108DG109DG110DT111DA112DC113DC114DA115DA116DC117DA118DG119DC120DA121DC122DC123DC124DA125DG126DG127DC128DA129DA130DA131DG132DC133DC134DC135DC136DC137DA138DA139DA140DC141DT142DC143DA144DT145DG146DA147DT148DT149DT150DA151DT152DG153DA154DT155DG156DT157DC158DA159DG160DT161DA162DA163DT164DC165DG166DG167DC168DC169DC170DT171DC172DA173DG174DG175SG271CSA277GST278GSG283CSG289C|138.0		22|36|58|133|147|SG24A|111.0				AGCAGTGACATTGG	27		0		0	GGTTTCTAATCGCTTCTCTGGCTCCAAGTCTGGCAACACGGCCTCCCTGACCATCTCTGGGCTCCAGGCTGAGGACGAGGCTGATTATTAC	38	TGCACCTCATGGACAACCAGCACCACTATGATATTC	27				SS_HW			GF*SLLWLQVWQHGL_LTISGLQAEDEADYY	CTSWTTSTTMIF		:::::0:14:14:14:105:-3:132:::::133:-2:141:::
18	1.0	0.047619047619047616	AGCAGAGATATTGGGACTTCTAACCTTGTCTCCTGGTACCAACAGTATCCAGGTATTTCTACTTCCCTTTTTGTCTTCGGAACA	IIIIGIIIG<GGGGG<GGGIIIIGIIIIIIIIIIIIIGIIIGIIIIIIIIIIIIIIIIIIIGIIIIGIGGIIIIIIIIIIIGG<	IGLV2-23*00(1048)		IGLJ1*00(264)		75|128|317|0|53|ST80ASG84ASG91CSA94CSC120TSC122T|356.0		20|36|58|68|84|SA22TST35A|102.0				AGCAGAGATATTGGGACTTCTAACCTT	27												SRDIGTSNL						:::::0:27::::::::::68:0:78:::
