cloneId	readCount	readFraction	uniqueMoleculeCount	uniqueMoleculeFraction	targetSequences	targetQualities	allVHitsWithScore	allDHitsWithScore	allJHitsWithScore	allCHitsWithScore	allVAlignments	allDAlignments	allJAlignments	allCAlignments	nSeqCDR3	minQualCDR3	aaSeqCDR3	refPoints
18756	248.0	0.06041412911084044	3	0.04285714285714286	TGTGCGAGAAACGACTGGTGGCAGATCAGGAAGGAGTACTGG	[[[[[[[[[[[[[[[[[[[[[[[[[[[[[[[[[[[[[[[[[[	IGHV3-21*00(358.5),IGHV3-33*00(356.7)	IGHD2-8*00(40),IGHD3-9*00(35)	IGHJ4*00(262.8)		463|472|494|0|9||90.0;463|472|494|0|9||90.0	41|49|93|13|21||40.0;46|53|93|12|19||35.0	28|37|68|33|42|SC30G|61.0		TGTGCGAGAAACGACTGGTGGCAGATCAGGAAGGAGTACTGG	58	CARNDWWQIRKEYW	:::::::::0:-2:9:13:-10:-13:21:33:-8:42:::
10605	242.0	0.05895249695493301	4	0.05714285714285714	TGTGCGAGATTTGCGACCTGCCATATTTGCAAAGAAAACTGG	[[[[[[[[[[[[[[[[[[[[[[[[[[[[[[[[[[[[[[[[[[	IGHV3-33*00(523.5)	IGHD6-6*00(32),IGHD2-21*00(30),IGHD3-9*00(30)	IGHJ2*00(269)		463|472|494|0|9||90.0	3|15|54|13|25|SG6CST11C|32.0;30|36|84|21|27||30.0;39|45|93|22|28||30.0	38|42|73|38|42||40.0		TGTGCGAGATTTGCGACCTGCCATATTTGCAAAGAAAACTGG	58	CARFATCHICKENW	:::::::::0:-2:9:13:15:-21:25:38:-18:42:::
18754	206.0	0.050182704019488426	3	0.04285714285714286	TGTGCGAGAAGCTGGATCAGCAGCTGCCATGCCCGCGATTGG	[[[[[[[[[[[[[[[[[[[[[[[[[[[[[[[[[[[[[[[[[[	IGHV5-51*00(680.1)	IGHD2-2*00(52),IGHD6-13*00(48)	IGHJ4*00(166.4),IGHJ5*00(166.4)		445|454|476|0|9||90.0	49|65|93|20|36|ST56CSG62C|52.0;4|22|63|17|35|ST8AST14CSA17G|48.0	34|37|68|39|42||30.0;37|40|71|39|42||30.0		TGTGCGAGAAGCTGGATCAGCAGCTGCCATGCCCGCGATTGG	58	CARSWISSCHARDW	:::::::::0:-2:9:20:-18:3:36:39:-14:42:::
18755	193.0	0.04701583434835566	3	0.04285714285714286	TGTGCGAGAAGCGAGCTGTTCATCGAGAGCACCATCTGCAAGTGG	[[[[[[[[[[[[[[[[[[[[[[[[[[[[[[[[[[[[[[[[[[[[[	IGHV3-11*00(327.2)	IGHD6-6*00(35),IGHD2-2*00(32),IGHD6-13*00(31)	IGHJ4*00(247.8)		459|468|490|0|9||90.0	3|10|54|11|18||35.0;44|56|93|27|39|ST46CSG51T|32.0;2|11|63|30|39|SG6T|31.0	34|37|68|42|45||30.0		TGTGCGAGAAGCGAGCTGTTCATCGAGAGCACCATCTGCAAGTGG	58	CARSELFIESTICKW	:::::::::0:-2:9:11:15:-26:18:42:-14:45:::
176883	119.0	0.028989037758830695	1	0.014285714285714285	TGTGCGAGAGATATTAGGAGTTACTATGGTTCGGGGAGTTATGATTACTGG	NNNNNNNNNNNNNNNNNNNNNNNNNNNNNNNNNNNNNNNNNNNNNNNNNNN	IGHV1-46*00(646.4)	IGHD3-10*00(91)	IGHJ4*00(340)		447|459|478|0|12||120.0	34|55|93|20|41|SA46G|91.0	27|37|68|41|51|SC30T|71.0		TGTGCGAGAGATATTAGGAGTTACTATGGTTCGGGGAGTTATGATTACTGG	45	CARDIRSYYGSGSYDYW	:::::::::0:1:12:20:-3:-7:41:41:-7:51:::
176878	111.0	0.027040194884287456	1	0.014285714285714285	TGTGCGAGAGATTCTCTAGCAGCAGCTGGTACAGGGGGATATTACTACTACTACTACGGTATGGACGTCTGG	NNNNNNNNNNNNNNNNNNNNNNNNNNNNNNNNNNNNNNNNNNNNNNNNNNNNNNNNNNNNNNNNNNNNNNNN	IGHV3-30-3*00(1032.3)	IGHD6-13*00(80)	IGHJ6*00(635.4)		463|475|494|0|12||120.0	26|42|63|16|32||80.0	18|52|83|38|72||340.0		TGTGCGAGAGATTCTCTAGCAGCAGCTGGTACAGGGGGATATTACTACTACTACTACGGTATGGACGTCTGG	45	CARDSLAAAGTGGYYYYYYGMDVW	:::::::::0:1:12:16:-5:0:32:38:2:72:::
176884	109.0	0.026552984165651643	1	0.014285714285714285	TGTGCGAGAGAGCGACCCCCTCATGGAGTAGTACCAGCTGCTCACTACTACTACGGTATGGACGTCTGG	NNNNNNNNNNNNNNNNNNNNNNNNNNNNNNNNNNNNNNNNNNNNNNNNNNNNNNNNNNNNNNNNNNNNN	IGHV3-30-3*00(1035.2)	IGHD2-2*00(81)	IGHJ6*00(405.8)		463|474|494|0|11||110.0	38|57|93|23|42|ST40G|81.0	26|52|83|43|69||260.0		TGTGCGAGAGAGCGACCCCCTCATGGAGTAGTACCAGCTGCTCACTACTACTACGGTATGGACGTCTGG	45	CARERPPHGVVPAAHYYYGMDVW	:::::::::0:0:11:23:-7:-5:42:43:-6:69:::
177188	108.0	0.02630937880633374	1	0.014285714285714285	TGTGCACACAGGAGGGGTGGGAGTTACTATAACTGG	NNNNNNNNNNNNNNNNNNNNNNNNNNNNNNNNNNNN	IGHV2-5*00(942.9)	IGHD1-26*00(51),IGHD3-10*00(51)	IGHJ4*00(290.7)		451|462|484|0|11||110.0	26|39|60|16|29|SC33T|51.0;47|60|93|18|31|ST55C|51.0	32|37|68|31|36||50.0		TGTGCACACAGGAGGGGTGGGAGTTACTATAACTGG	45	CAHRRGGSYYNW	:::::::::0:-2:11:16:-6:-1:29:31:-12:36:::
176885	106.0	0.02582216808769793	1	0.014285714285714285	TGTGCGAGAGAGAATATTTCGCCGTGGGGTACAGTAACTACGTATATCCTTGGGAACTACTACGGTATGGACGTCTGG	NNNNNNNNNNNNNNNNNNNNNNNNNNNNNNNNNNNNNNNNNNNNNNNNNNNNNNNNNNNNNNNNNNNNNNNNNNNNNN	IGHV1-18*00(795.8)	IGHD4-11*00(75),IGHD4-4*00(75)	IGHJ6*00(516.5)		446|457|477|0|11||110.0	20|35|48|29|44||75.0;20|35|48|29|44||75.0	29|52|83|55|78||230.0		TGTGCGAGAGAGAATATTTCGCCGTGGGGTACAGTAACTACGTATATCCTTGGGAACTACTACGGTATGGACGTCTGG	45	CARENISPWGTVTTYILGNYYGMDVW	:::::::::0:0:11:29:-4:3:44:55:-9:78:::
94933	103.0	0.025091352009744213	1	0.014285714285714285	TGTGCTAAAGATATTCGAAAATTACGATCTTTTCACTGGCTATTATCTGGGGGCTACTACTTTGACTACTGG	NNNNNNNNNNNNNNNNNNNNNNNNNNNNNNNNNNNNNNNNNNNNNNNNNNNNNNNNNNNNNNNNNNNNNNNN	IGHV3-43*00(942.7)	IGHD3-9*00(88)	IGHJ4*00(476.2)		465|479|498|0|14|SA470T|111.0	33|59|93|20|46|SA41CSG46CST52C|88.0	19|37|68|54|72||180.0		TGTGCTAAAGATATTCGAAAATTACGATCTTTTCACTGGCTATTATCTGGGGGCTACTACTTTGACTACTGG	45	CAKDIRKLRSFHWLLSGGYYFDYW	:::::::::0:1:14:20:-2:-3:46:54:1:72:::
176874	103.0	0.025091352009744213	1	0.014285714285714285	TGTGCGAGAGCCAAAGGCGATCTGTTCGCACTGCTGAGCTGG	NNNNNNNNNNNNNNNNNNNNNNNNNNNNNNNNNNNNNNNNNN	IGHV3-11*00(541.2),IGHV3-71*00(541.2)	IGHD6-19*00(35),IGHD6-13*00(30)	IGHJ6*00(299.9)		459|469|490|0|10||100.0;471|481|502|0|10||100.0	8|15|63|28|35||35.0;7|13|63|30|36||30.0	48|52|83|38|42||40.0		TGTGCGAGAGCCAAAGGCGATCTGTTCGCACTGCTGAGCTGG	45	CARAKGDLFALLSW	:::::::::0:-1:10:28:13:-27:35:38:-28:42:::
176893	100.0	0.024360535931790498	1	0.014285714285714285	TGTGCGAGAAACGAATGGTGGCATATCAGAAAGGAGTACTGG	NNNNNNNNNNNNNNNNNNNNNNNNNNNNNNNNNNNNNNNNNN	IGHV3-48*00(944.3)	IGHD2-2*00(36),IGHD2-21*00(32)	IGHJ4*00(236.6)		465|474|496|0|9||90.0	0|10|93|19|29|SG6T|36.0;23|35|84|14|26|SC26GSA28G|32.0	28|37|68|33|42|SC30G|61.0		TGTGCGAGAAACGAATGGTGGCATATCAGAAAGGAGTACTGG	45	CARNEWWHIRKEYW	:::::::::0:-2:9:19:31:-52:29:33:-8:42:::
43758	96.0	0.02338611449451888	2	0.02857142857142857	TGTGCGAGAGATCGTAGCGCCATTCGCGATGATGATTATTGG	[[[[[[[[[[[[[[[[[[[[[[[[[[[[[[[[[[[[[[[[[[	IGHV4-34*00(501.4)	IGHD5-12*00(40),IGHD5-18*00(40)	IGHJ4*00(236.4)		442|452|473|0|10||100.0	3|11|69|10|18||40.0;3|11|69|10|18||40.0	27|37|68|32|42|SC30TSC33T|42.0		TGTGCGAGAGATCGTAGCGCCATTCGCGATGATGATTATTGG	58	CARDRSAIRDDDYW	:::::::::0:-1:10:10:20:-35:18:32:-7:42:::
176892	91.0	0.022168087697929353	1	0.014285714285714285	TGTGCGAGAAACGAGTGGTGGCACATCAGCAAGGAGTACTGG	NNNNNNNNNNNNNNNNNNNNNNNNNNNNNNNNNNJNNNNNNN	IGHV3-48*00(1020)	IGHD2-15*00(40),IGHD2-21*00(35),IGHD3-3*00(35)	IGHJ4*00(161.8)		465|474|496|0|9||90.0	41|49|93|13|21||40.0;36|43|84|14|21||35.0;46|53|93|12|19||35.0	28|37|68|33|42|SC30G|61.0		TGTGCGAGAAACGAGTGGTGGCACATCAGCAAGGAGTACTGG	41	CARNEWWHISKEYW	:::::::::0:-2:9:13:-10:-13:21:33:-8:42:::
43755	90.0	0.02192448233861145	2	0.02857142857142857	TGTGCGAGAGCTCCGCCTCTCGAAACAATTAATATTTCTTGG	[[[[[[[[[[[[[[[[[[[[[[[[[[[[[[[[[[[[[[[[[[	IGHV1-46*00(583.2)	IGHD5-24*00(35),IGHD3-9*00(30)	IGHJ4*00(127.6),IGHJ5*00(127.6)		447|460|478|0|13|SA457C|101.0	32|39|60|24|31||35.0;39|45|93|31|37||30.0	34|37|68|39|42||30.0;37|40|71|39|42||30.0		TGTGCGAGAGCTCCGCCTCTCGAAACAATTAATATTTCTTGG	58	CARAPPLETINISW	:::::::::0:2:13:24:-12:-1:31:39:-14:42:::
176865	88.0	0.02143727161997564	1	0.014285714285714285	TGTGCGAGATTTGCAACCTGCCAGATTTGCAACGAAAACTGG	NNNNNNNNNNNNNNNNNNNNNNNNNNNNNNNNNNNNNNNNNN	IGHV3-33*00(1006.1)	IGHD1-1*00(26),IGHD1-20*00(26),IGHD3-16*00(26)	IGHJ2*00(206.5)		463|472|494|0|9||90.0	25|33|51|27|35|SG27C|26.0;25|33|51|27|35|SG27C|26.0;5|13|111|30|38|ST10A|26.0	38|42|73|38|42||40.0		TGTGCGAGATTTGCAACCTGCCAGATTTGCAACGAAAACTGG	45	CARFATCQICNENW	:::::::::0:-2:9:27:-8:-1:35:38:-18:42:::
43757	86.0	0.02095006090133983	2	0.02857142857142857	TGTGCGAGAGGCAGGGCCTACGCCCTGGACGAGAGGTGG	[[[[[[[[[[[[[[[[[[[[[[[[[[[[[[[[[[[[[[[	IGHV3-49*00(487.4)	IGHD6-6*00(35),IGHD6-25*00(32)	IGHJ2*00(278.8)		471|481|502|0|10|SA474GST476G|42.0	0|7|54|26|33||35.0;25|37|54|10|22|SC29GSG31C|32.0	39|42|73|36|39||30.0		TGTGCGAGAGGCAGGGCCTACGCCCTGGACGAGAGGTGG	58	CARGRAYALDERW	:::::::::0:-1:10:26:18:-29:33:36:-19:39:::
176910	86.0	0.02095006090133983	1	0.014285714285714285	TGTGCGAAAGAGTTGATGCGGACTGGTGTCGGGGAGGTTGACTACTGG	NNNNNNNNNNNNNNNNNNNNNNNNNNNNNNNNNNNNNNNNNNNNNNNN	IGHV3-23*00(902.4)	IGHD2-8*00(35),IGHD3-9*00(35),IGHD3-10*00(34)	IGHJ4*00(407.5)		465|476|496|0|11||110.0	41|48|93|21|28||35.0;46|53|93|20|27||35.0;40|52|93|23|36|I44GSA46G|34.0	26|37|68|37|48||110.0		TGTGCGAAAGAGTTGATGCGGACTGGTGTCGGGGAGGTTGACTACTGG	45	CAKELMRTGVGEVDYW	:::::::::0:0:11:21:-10:-14:28:37:-6:48:::
176881	85.0	0.020706455542021926	1	0.014285714285714285	TGTGCGAGAGATCGGAGCGCAATTCGCGAGGATGATTATTGG	NNNNNNNNNNNNNNNNNNNNNNNNNNNNNNNNNNNNNNNNNN	IGHV4-4*00(494),IGHV4-34*00(493.5)	IGHD6-6*00(26),IGHD2-21*00(25),IGHD5-24*00(25)	IGHJ4*00(313.4)		444|457|475|0|13||130.0;442|452|473|0|10||100.0	4|21|54|14|30|DT8ST11ASA14TST16G|26.0;6|11|84|18|23||25.0;33|38|60|19|24||25.0	27|37|68|32|42|SC30TSC33T|42.0		TGTGCGAGAGATCGGAGCGCAATTCGCGAGGATGATTATTGG	45	CARDRSAIREDDYW	:::::::::0:2:13:14:14:-15:30:32:-7:42:::
43756	77.0	0.018757612667478683	2	0.02857142857142857	TGTGCGAGAGCTCCACCTCTAGAAACGATTAATATTTCTTGG	[[[[[[[[[[[[[[[[[[[[[[[[[[[[[[[[[[[[[[[[[[	IGHV1-3*00(840.8)	IGHD5-12*00(35),IGHD5-18*00(35),IGHD3-16*00(30)	IGHJ4*00(223.7),IGHJ5*00(223.7)		447|460|478|0|13|SA457C|101.0	38|45|69|24|31||35.0;38|45|69|24|31||35.0;5|11|111|23|29||30.0	34|37|68|39|42||30.0;37|40|71|39|42||30.0		TGTGCGAGAGCTCCACCTCTAGAAACGATTAATATTTCTTGG	58	CARAPPLETINISW	:::::::::0:2:13:24:-15:-1:31:39:-14:42:::
187949	77.0	0.018757612667478683	1	0.014285714285714285	TGTGCAACAGTCGAGAACTTACTATGGGAATACTACTTTGACTACTGG	NNNNNNNNNNNNNNNNNNNNNNNNNNNNNNNNNNNNNNNNNNNNNNNN	IGHV1-24*00(464.8),IGHV1-69-2*00(464.8)	IGHD3-10*00(45),IGHD3-22*00(40)	IGHJ4*00(445.7)		447|457|478|0|10||100.0;447|457|478|0|10||100.0	34|43|93|18|27||45.0;34|42|93|18|26||40.0	19|37|68|30|48||180.0		TGTGCAACAGTCGAGAACTTACTATGGGAATACTACTTTGACTACTGG	45	CATVENLLWEYYFDYW	:::::::::0:-1:10:18:-3:-19:27:30:1:48:::
176853	76.0	0.01851400730816078	1	0.014285714285714285	TGTGCGACCGGCAAGGATGGGGGGGCCTTTGACTACTGG	NNNNNNNNNNNNNNNNNNNNNNNNNNNNNNNNNNNNNNN	IGHV3-30*00(930.6),IGHV3-30-3*00(930.6)	IGHD2-2*00(30),IGHD3-16*00(30)	IGHJ4*00(287.5)		463|470|494|0|7||70.0;463|470|494|0|7||70.0	60|66|93|7|13||30.0;53|59|111|17|23||30.0	24|37|68|26|39||130.0		TGTGCGACCGGCAAGGATGGGGGGGCCTTTGACTACTGG	45	CATGKDGGAFDYW	:::::::::0:-4:7:7:-29:4:13:26:-4:39:::
176879	76.0	0.01851400730816078	1	0.014285714285714285	TGTGCGAGAGATCGCAGCGCGATTCGCGAAGATGATTATTGG	NNNNNNNNNNNNNNNNNNNNNNNNNNNNNNNNNNNNNNNNNN	IGHV4-34*00(996.6)	IGHD6-25*00(31),IGHD6-6*00(27)	IGHJ4*00(312.6)		442|452|473|0|10||100.0	22|31|54|10|19|SA24C|31.0;22|33|54|10|21|SA24CST30G|27.0	27|37|68|32|42|SC30TSC33T|42.0		TGTGCGAGAGATCGCAGCGCGATTCGCGAAGATGATTATTGG	45	CARDRSAIREDDYW	:::::::::0:-1:10:10:-4:-5:19:32:-7:42:::
176905	73.0	0.017783191230207065	1	0.014285714285714285	TGTGCGAAAGGGTTGAGTGACTCCCTTATCAGGTATTTCGATCTCTGG	NNNNNNNNNNNNNNNNNNNNNNNNNNNNNNNNNNNNNNNNNNNNNNNN	IGHV3-23*00(521)	IGHD3-10*00(35),IGHD3-16*00(30),IGHD4-17*00(30)	IGHJ2*00(447.5)		465|475|496|0|10||100.0	9|16|93|19|26||35.0;12|18|111|19|25||30.0;24|30|48|16|22||30.0	25|42|73|31|48|SC29T|141.0		TGTGCGAAAGGGTTGAGTGACTCCCTTATCAGGTATTTCGATCTCTGG	45	CAKGLSDSLIRYFDLW	:::::::::0:-1:10:19:22:-46:26:31:-5:48:::
43754	70.0	0.01705237515225335	2	0.02857142857142857	TGTGCGAGACGGGACTCTATGATTACGTTTGGGGGAGTACGAGTAGATGCTTTTGATATCTGG	[[[[[[[[[[[[[[[[[[[[[[[[[[[[[[[[[[[[[[[[[[[[[[[[[[[[[[[[[[[[[[[	IGHV3-21*00(450.3)	IGHD3-16*00(91)	IGHJ3*00(478.3)		463|472|494|0|9||90.0	41|62|111|17|38|SA50G|91.0	21|39|70|45|63||180.0		TGTGCGAGACGGGACTCTATGATTACGTTTGGGGGAGTACGAGTAGATGCTTTTGATATCTGG	58	CARRDSMITFGGVRVDAFDIW	:::::::::0:-2:9:17:-4:-12:38:45:-1:63:::
43753	67.0	0.016321559074299635	2	0.02857142857142857	TGTGCGAGATATGCGAACGATCGCGAAGCGAGCTATTGG	[[[[[[[[[[[[[[[[[[[[[[[[[[[[[[[[[[[[[[[	IGHV3-23*00(471.4)	IGHD1-1*00(30),IGHD2-21*00(30),IGHD3-16*00(30)	IGHJ4*00(265.2)		465|472|496|0|7||70.0	27|33|51|14|20||30.0;21|27|84|8|14||30.0;5|11|111|15|21||30.0	30|37|68|32|39|SC33T|41.0		TGTGCGAGATATGCGAACGATCGCGAAGCGAGCTATTGG	58	CARYANDREASYW	:::::::::0:-4:7:14:-10:-1:20:32:-10:39:::
187998	63.0	0.015347137637028014	1	0.014285714285714285	TGTGCAAGAAGGGGGGGTGGGAGCTACTCTGCTGCTTTTGATATCTGG	NNNNNNNNNNNNNNNNNNNNNNNNNNNNNNNNNNNNNNNNNNNNNNNN	IGHV3-64D*00(478.5)	IGHD1-26*00(60)	IGHJ3*00(458.7)		461|465|492|0|4||40.0	26|38|60|16|28||60.0	20|39|70|29|48|SA22C|161.0		TGTGCAAGAAGGGGGGGTGGGAGCTACTCTGCTGCTTTTGATATCTGG	45	CARRGGGSYSAAFDIW	:::::::::0:-7:4:16:-6:-2:28:29:0:48:::
176871	61.0	0.014859926918392205	1	0.014285714285714285	TGTGCGAGACATCGCCAAGTGGTGGTAGCTGCTACTATCTGGTTCGACCCCTGG	NNNNNNNNNNNNNNNNNNNNNNNNNNNNNNNNNNNNNNNNNNNNNNNNNNNNNN	IGHV4-39*00(489.6),IGHV4-34*00(488.6)	IGHD2-15*00(95)	IGHJ5*00(376.2)		448|460|479|0|12||120.0;442|451|473|0|9||90.0	41|60|93|17|36||95.0	24|40|71|38|54||160.0		TGTGCGAGACATCGCCAAGTGGTGGTAGCTGCTACTATCTGGTTCGACCCCTGG	45	CARHRQVVVAATIWFDPW	:::::::::0:1:12:17:-10:-2:36:38:-4:54:::
176876	59.0	0.014372716199756394	1	0.014285714285714285	TGTGCGAGAGGCCGCGCCCCGGAAAGCGCCCTGGCCGATTGG	NNNNNNNNNNNNNNNNNNNNNNNNNNNNNNNNNNNNNNNNNN	IGHV1-2*00(634.3)	IGHD2-21*00(33),IGHD1-14*00(30)	IGHJ1*00(180.3)		447|457|478|0|10||100.0	54|64|84|18|27|DT60|33.0;24|30|51|18|24||30.0	38|41|72|39|42||30.0		TGTGCGAGAGGCCGCGCCCCGGAAAGCGCCCTGGCCGATTGG	45	CARGRAPESALADW	:::::::::0:-1:10:18:-26:8:27:39:-18:42:::
176873	58.0	0.01412911084043849	1	0.014285714285714285	TGTGCGAGAGCCAACGGCGAGCTGTTCGCCCTGCTGAGCTGG	NNNNNNNNNNNNNNNNNNNNNNNNNNNNNNNNNNNNNNNNNN	IGHV3-53*00(543)	IGHD6-6*00(38)	IGHJ6*00(293.9)		460|470|491|0|10||100.0	35|46|54|14|24|DA38|38.0	48|52|83|38|42||40.0		TGTGCGAGAGCCAACGGCGAGCTGTTCGCCCTGCTGAGCTGG	45	CARANGELFALLSW	:::::::::0:-1:10:14:-17:10:24:38:-28:42:::
176887	53.0	0.012911084043848964	1	0.014285714285714285	TGTGCGAGAGAAAAAAGCAGTGGCTGGTACGGTTACTGGTTCGACCCCTGG	NNNNNNNNNNNNNNNNNNNNNNNNNNNNNNNNNNNNNNNNNNNNNNNNNNN	IGHV1-2*00(940.3)	IGHD6-19*00(80)	IGHJ5*00(289.5)		447|458|478|0|11||110.0	27|43|63|15|31||80.0	23|40|71|34|51||170.0		TGTGCGAGAGAAAAAAGCAGTGGCTGGTACGGTTACTGGTTCGACCCCTGG	45	CAREKSSGWYGYWFDPW	:::::::::0:0:11:15:-6:1:31:34:-3:51:::
176908	52.0	0.01266747868453106	1	0.014285714285714285	TGTGCGAAAGATCATCGGAGGATAGTTAACTACTGCTTTGACTACTGG	NNNNNNNNNNNNNNNNNNNNNNNNNNNNNNNNNNNNNNNNNNNNNNNN	IGHV3-30*00(1020.2)	IGHD2-15*00(30),IGHD2-8*00(30),IGHD4-4*00(30)	IGHJ4*00(454.3)		463|476|494|0|13||130.0	31|37|93|18|24||30.0;31|37|93|18|24||30.0;1|7|48|22|28||30.0	19|37|68|30|48|SA23G|151.0		TGTGCGAAAGATCATCGGAGGATAGTTAACTACTGCTTTGACTACTGG	45	CAKDHRRIVNYCFDYW	:::::::::0:2:13:18:0:-25:24:30:1:48:::
176877	51.0	0.012423873325213155	1	0.014285714285714285	TGTGCGAGAGGAGGTGATTACTATGATAGCAGTGGTTATCCTCGGGCCGTATACTACTACGGTTTGGACGTCTGG	NNNNNNNNNNNNNNNNNNNNNNNNNNNNNNNNNNNNNNNNNNNNNNNNNNNNNNNNNNNNNNNNNNNNNNNNNNN	IGHV1-18*00(1019)	IGHD3-22*00(101)	IGHJ6*00(495.1)		446|456|477|0|10||100.0	33|56|93|16|39|ST46C|101.0	28|52|83|51|75|SA40T|211.0		TGTGCGAGAGGAGGTGATTACTATGATAGCAGTGGTTATCCTCGGGCCGTATACTACTACGGTTTGGACGTCTGG	45	CARGGDYYDSSGYPRAVYYYGLDVW	:::::::::0:-1:10:16:-2:-6:39:51:-8:75:::
176869	50.0	0.012180267965895249	1	0.014285714285714285	TGTGCGAGACTGAATTACGATTTTTGGAGTGGTTACTACTACTACTACGGTATGGACGTCTGG	NNNNNNNNNNNNNNNNNNNNNNNNNNNNNNNNNNNNNNNNNNNNNNNNNNNNNNNNNNNNNNN	IGHV3-21*00(448.5)	IGHD3-3*00(95)	IGHJ6*00(596.4)		463|472|494|0|9||90.0	33|52|93|13|32||95.0	21|52|83|32|63||310.0		TGTGCGAGACTGAATTACGATTTTTGGAGTGGTTACTACTACTACTACGGTATGGACGTCTGG	45	CARLNYDFWSGYYYYYGMDVW	:::::::::0:-2:9:13:-2:-10:32:32:-1:63:::
176890	49.0	0.011936662606577345	1	0.014285714285714285	TGTGCGAGAAGCAGACAGATTAGGAGTGAGCTGTGGG	NNNNNNNNNNNNNNNNNNNNNNNNNNNNNNNNNNNNN	IGHV1-69*00(893.7)	IGHD6-19*00(34),IGHD3-3*00(31),IGHD6-6*00(30)	IGHJ6*00(207.6)		448|457|479|0|9||90.0	26|38|63|20|33|SC29GI34A|34.0;42|51|93|19|28|ST44A|31.0;4|10|54|27|33||30.0	50|52|83|35|37||20.0		TGTGCGAGAAGCAGACAGATTAGGAGTGAGCTGTGGG	45	CARSRQ_LGVSCG	:::::::::0:-2:9:20:-5:-4:33:35:-30:37:::
177180	49.0	0.011936662606577345	1	0.014285714285714285	TGTGCACGGATGGGGTACTACTACTACTACGGTATGGACGTCTGG	NNNNNNNNNNNNNNNNNNNNNNNNNNNNNNNNNNNNNNNNNNNNN	IGHV2-70*00(536.5),IGHV2-70D*00(536.5)		IGHJ6*00(468.1)		451|462|484|0|11||110.0;451|462|484|0|11||110.0		22|52|83|15|45||300.0		TGTGCACGGATGGGGTACTACTACTACTACGGTATGGACGTCTGG	45	CARMGYYYYYGMDVW	:::::::::0:-2:11:::::15:-2:45:::
176868	48.0	0.01169305724725944	1	0.014285714285714285	TGTGCGAGATATGCAAACGAGCGCGACGCGAGCTATTGG	NNNNNNNNNNNNNNNNNNNNNNNNNNNNNNNNNNNNNNN	IGHV3-23*00(1006.3)	IGHD2-21*00(30),IGHD6-6*00(30)	IGHJ4*00(212.1)		465|472|496|0|7||70.0	21|27|84|8|14||30.0;2|8|54|16|22||30.0	30|37|68|32|39|SC33T|41.0		TGTGCGAGATATGCAAACGAGCGCGACGCGAGCTATTGG	45	CARYANERDASYW	:::::::::0:-4:7:8:7:-29:14:32:-10:39:::
176859	47.0	0.011449451887941534	1	0.014285714285714285	TGTGCGAGCGCCCGCCTGGCGGTGGGAGCGGCGCGGTACTACTACTACGGTATGGACGTCTGG	NNNNNNNNNNNNNNNNNNNNNNNNNNNNNNNNNNNNNNNNNNNNNNNNNNNNNNNNNNNNNNN	IGHV4-31*00(451.8),IGHV4-34*00(451.8)	IGHD1-26*00(40)	IGHJ6*00(553.6)		447|455|478|0|8||80.0;442|450|473|0|8||80.0	26|34|60|21|29||40.0	25|52|83|36|63||270.0		TGTGCGAGCGCCCGCCTGGCGGTGGGAGCGGCGCGGTACTACTACTACGGTATGGACGTCTGG	45	CASARLAVGAARYYYYGMDVW	:::::::::0:-3:8:21:-6:-6:29:36:-5:63:::
43759	46.0	0.01120584652862363	2	0.02857142857142857	TGTGCGAGAAGCGACCTGTTCATGGAGAGCAGCATCTGCAAGTGG	[[[[[[[[[[[[[[[[[[[[[[[[[[[[[[[[[[[[[[[[[[[[[	IGHV3-11*00(498.7)	IGHD6-13*00(41),IGHD2-15*00(38),IGHD3-10*00(36)	IGHJ1*00(91.9)		459|468|490|0|9||90.0	27|38|63|27|38|SG34T|41.0;0|11|93|23|33|DT4|38.0;42|52|93|17|27|SG47T|36.0	38|41|72|42|45||30.0		TGTGCGAGAAGCGACCTGTTCATGGAGAGCAGCATCTGCAAGTGG	58	CARSDLFMESSICKW	:::::::::0:-2:9:27:-6:-4:38:42:-18:45:::
176911	45.0	0.010962241169305725	1	0.014285714285714285	TGTGCGAAAAGGGGCCCCTCCTGGGGATTCGATGACTACTGG	NNNNNNNNNNNNNNNNNNNNNNNNNNNNNNNNNNNNNNNNNN	IGHV3-23*00(453)	IGHD7-27*00(40)	IGHJ4*00(346.6)		465|474|496|0|9||90.0	15|23|33|20|28||40.0	27|37|68|32|42||100.0		TGTGCGAAAAGGGGCCCCTCCTGGGGATTCGATGACTACTGG	45	CAKRGPSWGFDDYW	:::::::::0:-2:9:20:-4:1:28:32:-7:42:::
176872	44.0	0.01071863580998782	1	0.014285714285714285	TGTGCGAGAGTGGATACAGCCGAGTCCTTTGACTACTGG	NNNNNNNNNNNNNNNNNNNNNNNNNNNNNNNNNNNNNNN	IGHV3-21*00(550),IGHV3-33*00(550)	IGHD5-5*00(50)	IGHJ4*00(438)		463|473|494|0|10||100.0;463|473|494|0|10||100.0	21|31|60|10|20||50.0	24|37|68|26|39||130.0		TGTGCGAGAGTGGATACAGCCGAGTCCTTTGACTACTGG	45	CARVDTAESFDYW	:::::::::0:-1:10:10:-1:-9:20:26:-4:39:::
176875	43.0	0.010475030450669914	1	0.014285714285714285	TGTGCGAGAGGTCCGGGGGGGGACTACGTTGACGAGTCCGGGTTTGACTACTGG	NNNNNNNNNNNNNNNNNNNNNNNNNNNNNNNNNNNNNNNNNNNNNNNNNNNNNN	IGHV1-18*00(1019)	IGHD4-17*00(46)	IGHJ4*00(418.1)		446|459|477|0|13|SA456G|101.0	17|29|48|21|33|SG24T|46.0	25|37|68|42|54||120.0		TGTGCGAGAGGTCCGGGGGGGGACTACGTTGACGAGTCCGGGTTTGACTACTGG	45	CARGPGGDYVDESGFDYW	:::::::::0:2:13:21:-1:-3:33:42:-5:54:::
188543	42.0	0.01023142509135201	1	0.014285714285714285	TGTACTAGAGATTGTAGTAGTTCCAGTTGCATATGGGGGGGTCACTACGGTATGGACGTCTGG	NNNNNNNNNNNNNNNNNNNNNNNNNNNNNNNNNNNNNNNNNNNNNNNNNNNNNNNNNNNNNNN	IGHV3-49*00(505.1)	IGHD2-2*00(70),IGHD1-7*00(60)	IGHJ6*00(461.1)		471|483|502|0|12||120.0	38|60|93|12|35|SA47TSC52TI56A|70.0;0|12|51|16|28||60.0	32|52|83|43|63||200.0		TGTACTAGAGATTGTAGTAGTTCCAGTTGCATATGGGGGGGTCACTACGGTATGGACGTCTGG	45	CTRDCSSSSCIWGGHYGMDVW	:::::::::0:1:12:12:-7:-2:35:43:-12:63:::
188542	41.0	0.009987819732034105	1	0.014285714285714285	TGTACTAGATTGCCCTTCTCGGTGGCTACGCACATGACCGTTCCTTTTGATATCTGG	NNNNNNNNNNNNNNNNNNNNNNNNNNNNNNNNNNNNNNNNNNNNNNNNNNNNNNNNN	IGHV3-49*00(503.6)	IGHD5-12*00(45),IGHD5-18*00(45),IGHD4-17*00(41)	IGHJ3*00(435.6)		471|480|502|0|9||90.0	32|41|69|21|30||45.0;32|41|69|21|30||45.0;22|33|48|19|30|SA27G|41.0	25|39|70|43|57||140.0		TGTACTAGATTGCCCTTCTCGGTGGCTACGCACATGACCGTTCCTTTTGATATCTGG	45	CTRLPFSVATHMTVPFDIW	:::::::::0:-2:9:21:-9:-5:30:43:-5:57:::
176901	39.0	0.009500609013398295	1	0.014285714285714285	TGTGCGAAGGTAGATCATTTCCACATATACTTCTACGGTTTGGATGTCTGG	NNNNNNNNNNNNNNNNNNNNNNNNNNNNNNNNNNNNNNNNNNNNNNNNNNN	IGHV3-23*00(500.3)	IGHD3-16*00(28),IGHD4-17*00(28),IGHD4-4*00(28)	IGHJ6*00(460.5)		465|473|496|0|8||80.0	24|32|111|9|18|I27G|28.0;9|17|48|9|18|I13A|28.0;9|17|48|9|18|I13A|28.0	28|52|83|27|51|SA32TSA40TSC45T|153.0		TGTGCGAAGGTAGATCATTTCCACATATACTTCTACGGTTTGGATGTCTGG	45	CAKVDHFHIYFYGLDVW	:::::::::0:-3:8:9:13:-42:18:27:-8:51:::
176607	38.0	0.00925700365408039	1	0.014285714285714285	TGTGCGTCTCATTGTAGTGGTGGTAGCTGCTACTCGGGGGACTGG	NNNNNNNNNNNNNNNNNNNNNNNNNNNNNNNNNNNNNNNNNNNNN	IGHV3-66*00(486.1)	IGHD2-15*00(126)	IGHJ4*00(354.9),IGHJ5*00(344.9)		460|466|491|0|6||60.0	36|64|93|10|38|SC61G|126.0	32|37|68|40|45||50.0;36|40|71|41|45||40.0		TGTGCGTCTCATTGTAGTGGTGGTAGCTGCTACTCGGGGGACTGG	45	CASHCSGGSCYSGDW	:::::::::0:-5:6:10:-5:2:38:40:-12:45:::
176882	38.0	0.00925700365408039	1	0.014285714285714285	TGTGCGAGAGATGCGGTATGGTTCGGGGAGTTATCTGGTATGGACGTCTGG	NNNNNNNNNNNNNNNNNNNNNNNNNNNNNNNNNNNNNNNNNNNNNNNNNNN	IGHV1-18*00(945.2)	IGHD3-10*00(76)	IGHJ6*00(352.3)		446|458|477|0|12||120.0	38|56|93|16|34|SA46G|76.0	37|52|83|36|51||150.0		TGTGCGAGAGATGCGGTATGGTTCGGGGAGTTATCTGGTATGGACGTCTGG	45	CARDAVWFGELSGMDVW	:::::::::0:1:12:16:-7:-6:34:36:-17:51:::
176866	37.0	0.009013398294762484	1	0.014285714285714285	TGTGCGAGATGCGCGATGGAACTGCTGATTGCGACCCGCGAAGAATGG	NNNNNNNNNNNNNNNNNNNNNNNNNNNNNNNNNNNNNNNNNNNNNNNN	IGHV1-8*00(571.6)	IGHD2-21*00(36),IGHD1-7*00(35)	IGHJ4*00(203),IGHJ5*00(203)		448|460|479|0|12|SG457T|91.0	40|50|84|22|32|SG42C|36.0;25|32|51|16|23||35.0	34|37|68|45|48||30.0;37|40|71|45|48||30.0		TGTGCGAGATGCGCGATGGAACTGCTGATTGCGACCCGCGAAGAATGG	45	CARCAMELLIATREEW	:::::::::0:1:12:22:-12:-6:32:45:-14:48:::
176909	35.0	0.008526187576126675	1	0.014285714285714285	TGTGCGAAAGATAGGGAGAACGCGTGTATTTCCTGG	NNNNNNNNNNNNNNNNNNNNNNNNNNNNNNNNNNNN	IGHV3-30*00(1042.3),IGHV3-30-3*00(1013.3)	IGHD2-8*00(30),IGHD3-10*00(30),IGHD1-1*00(28)	IGHJ5*00(330.3)		463|475|494|0|12||120.0;463|475|494|0|12|SG470A|91.0	48|54|93|23|29||30.0;46|52|93|12|18||30.0;27|36|51|17|25|DA32|28.0	35|40|71|31|36||50.0		TGTGCGAAAGATAGGGAGAACGCGTGTATTTCCTGG	45	CAKDRENACISW	:::::::::0:1:12:23:-17:-8:29:31:-15:36:::
176857	34.0	0.008282582216808769	1	0.014285714285714285	TGTGCGAGTCATTACTATGGTTCGGGGAGTTATTATAATGACTACTGG	NNNNNNNNNNNNNNNNNNNNNNNNNNNNNNNNNNNNNNNNNNNNNNNN	IGHV4-59*00(499.2),IGHV4-61*00(499.2)	IGHD3-10*00(126)	IGHJ4*00(372.6)		441|449|472|0|8||80.0;447|455|478|0|8||80.0	33|61|93|10|38|SA46G|126.0	27|37|68|38|48||100.0		TGTGCGAGTCATTACTATGGTTCGGGGAGTTATTATAATGACTACTGG	45	CASHYYGSGSYYNDYW	:::::::::0:-3:8:10:-2:-1:38:38:-7:48:::
176889	34.0	0.008282582216808769	1	0.014285714285714285	TGTGCGAGAAGCGAACTGTTCATTGAGAGCATCATCTGCAAGTGG	NNNNNNNNNNNNNNNNNNNNNNNNNNNNNNNNNNNNNNNNNNNNN	IGHV3-11*00(494.4)	IGHD7-27*00(31),IGHD6-13*00(27)	IGHJ4*00(228.5)		459|468|490|0|9||90.0	9|18|33|9|18|ST12G|31.0;27|38|63|27|38|SG31TSG34T|27.0	34|37|68|42|45||30.0		TGTGCGAGAAGCGAACTGTTCATTGAGAGCATCATCTGCAAGTGG	45	CARSELFIESIICKW	:::::::::0:-2:9:9:2:-4:18:42:-14:45:::
176867	28.0	0.00682095006090134	1	0.014285714285714285	TGTGCGAGATATGCCAACGAACGCGATGCGAGCTATTGG	NNNNNNNNNNNNNNNNNNNNNNNNNNNNNNNNNNNNNNN	IGHV3-23*00(992)	IGHD2-2*00(30),IGHD2-21*00(30)	IGHJ4*00(211)		465|472|496|0|7||70.0	56|62|93|9|15||30.0;21|27|84|8|14||30.0	30|37|68|32|39|SC33T|41.0		TGTGCGAGATATGCCAACGAACGCGATGCGAGCTATTGG	45	CARYANERDASYW	:::::::::0:-4:7:9:-25:0:15:32:-10:39:::
176880	19.0	0.004628501827040195	1	0.014285714285714285	TGTGCGAGAGATCGCAGCGCGATTCGCGAAGATGATTACTGG	NNNNNNNNNNNNNNNNNNNNNNNNNNNNNNNNNNNNNNNNNN	IGHV4-4*00(529.5)	IGHD6-25*00(30),IGHD6-6*00(26)	IGHJ4*00(297.8)		444|457|475|0|13||130.0	25|31|54|13|19||30.0;25|33|54|13|21|ST30G|26.0	27|37|68|32|42|SC30T|71.0		TGTGCGAGAGATCGCAGCGCGATTCGCGAAGATGATTACTGG	45	CARDRSAIREDDYW	:::::::::0:2:13:13:-7:-5:19:32:-7:42:::
176888	16.0	0.00389768574908648	1	0.014285714285714285	TGTGCGAGAATCATACCGGCATTGGCCCCCGCCTTGGCCTGG	NNNNNNNNNNNNNNNNNNNNNNNNNNNNNNNNNNNNNNNNNN	IGHV4-59*00(552.8),IGHV4-61*00(552.8)	IGHD3-3*00(37),IGHD1-14*00(36),IGHD1-26*00(36)	IGHJ5*00(148.6)		441|450|472|0|9||90.0;447|456|478|0|9||90.0	54|67|93|9|22|ST56CST64C|37.0;12|22|51|12|22|ST19C|36.0;15|25|60|12|22|ST22C|36.0	35|40|71|37|42||50.0		TGTGCGAGAATCATACCGGCATTGGCCCCCGCCTTGGCCTGG	45	CARIIPALAPALAW	:::::::::0:-2:9:9:-23:5:22:37:-15:42:::
